,rank,happiness_score,country
0,1,7.808700085,Finland
1,2,7.645599842,Denmark
2,3,7.559899807000001,Switzerland
3,4,7.504499912000001,Iceland
4,5,7.487999916000001,Norway
5,6,7.448900223,Netherlands
6,7,7.353499889,Sweden
7,8,7.2996001239999995,New Zealand
8,9,7.294199944,Austria
9,82,5.384300232,Malaysia
10,83,5.353499889,Vietnam
11,84,5.285600185,Indonesia
12,93,5.131800175,Turkey
13,97,5.094799995,Morocco
14,109,4.814099789,South Africa
15,138,4.151400089,Egypt
16,144,3.573299885,India
